<?xml version="1.0" encoding="windows-1252"?>
<Collection name="Tool Panel" guid="{374E2B8C-B29D-470B-BD1B-41CAA5BCEDCB}" system="No" updatable="Yes" blockNavigatorNode="No">
	<HelpLink></HelpLink>
	<Help></Help>
	<Addon name="setUserProperty" guid="{0B5BFA85-9031-456E-A0CF-82AE0F8CF555}" type="Add-on">
		<Copy></Copy>
		<CopyText></CopyText>
		<ActiveXProgramID></ActiveXProgramID>
		<DotNetClass></DotNetClass>
		<ArgumentList></ArgumentList>
		<AsAjax>No</AsAjax>
		<Filter>No</Filter>
		<Help></Help>
		<HelpLink></HelpLink>
		<Icon Link="" width="0" height="0" sprites="0" />
		<InIframe>No</InIframe>
		<BlockEditTools>No</BlockEditTools>
		<FormXML></FormXML>
		<IsInline>No</IsInline>
		<JavascriptOnLoad></JavascriptOnLoad>
		<JavascriptInHead></JavascriptInHead>
		<JavascriptBodyEnd></JavascriptBodyEnd>
		<MetaDescription></MetaDescription>
		<OtherHeadTags></OtherHeadTags>
		<Content>No</Content>
		<Template>No</Template>
		<Admin>No</Admin>
		<OnPageEndEvent>No</OnPageEndEvent>
		<OnPageStartEvent>No</OnPageStartEvent>
		<OnBodyStart>No</OnBodyStart>
		<OnBodyEnd>No</OnBodyEnd>
		<RemoteMethod>Yes</RemoteMethod>
		<ProcessRunOnce>No</ProcessRunOnce>
		<ProcessInterval>0</ProcessInterval>
		<PageTitle></PageTitle>
		<RemoteAssetLink></RemoteAssetLink>
		<Styles></Styles>
		<Scripting Language="" EntryPoint="" Timeout="5000">
		<Code><![CDATA[function m
	dim name
	dim value
	'
	name = cp.doc.getProperty("n")
	value = cp.doc.getProperty("v")
	if (name="isLockedAccountTab") Then
		call cp.user.setProperty("isLockedAccountTab",value)
	end if
	if (name="isLockedLoginTab") Then
		call cp.user.setProperty("isLockedLoginTab",value)
	end if
	'm = m & "<div>n=[" & name & "]</div>"
	'm = m & "<div>v=[" & value & "]</div>"
	'm = m & "<div>property=[" & cp.user.getProperty("isLockedLoginTab","") & "]</div>"
end function]]></Code>
		</Scripting>
	</Addon>
	<Addon name="Tool Panel" guid="{32839250-841F-4BE6-A15E-CC7EAAA7C2FF}" type="Add-on">
		<Copy></Copy>
		<CopyText></CopyText>
		<ActiveXProgramID></ActiveXProgramID>
		<DotNetClass><![CDATA[Contensive.Addons.toolPanelClass]]></DotNetClass>
		<ArgumentList></ArgumentList>
		<AsAjax>No</AsAjax>
		<Filter>No</Filter>
		<Help></Help>
		<HelpLink></HelpLink>
		<Icon Link="" width="0" height="0" sprites="0" />
		<InIframe>No</InIframe>
		<BlockEditTools>No</BlockEditTools>
		<FormXML></FormXML>
		<IncludeAddon name="JQuery UI" guid="{840B9AEF-9470-4599-BD47-7EC0C9298614}"/>
		<IsInline>No</IsInline>
		<JavascriptOnLoad></JavascriptOnLoad>
		<JavascriptInHead></JavascriptInHead>
		<JavascriptBodyEnd><![CDATA[//
// --------------------------------
// zone to make tabs reappear
// --------------------------------
//
jQuery('#tpTabZone').mouseenter( function(){ mouseEnterTabZone() });
jQuery('#tpTabZone').mouseleave( function(){ mouseLeaveTabZone() });
//
function mouseEnterTabZone() {
	isWantedAccountTab=true;
	$("#tpAccountTab").slideDown("slow");
	isWantedLoginTab=true;
	$("#tpLoginTab").slideDown("slow");
}
//
function mouseLeaveTabZone() {
	mouseLeaveAccountTab();
}
//
// --------------------------------
// account tab 
// --------------------------------
//
var isLoadedAccountPanel=false;
var isOpenAccountPanel=false;
var isWantedAccountTab=false;
var timerIdAccountTab=0;
//
jQuery('#tpAccountLock').click( function (){ clickAccountTabLock() });
jQuery('#tpAccountTab').mouseenter( function(){ mouseEnterAccountTab() });
jQuery('#tpAccountTab').mouseleave( function(){ mouseLeaveAccountTab() });
jQuery( mouseLeaveAccountTab() );
$("#tpAccountButton").click(function () {
	if(isOpenAccountPanel) {
		closeAccountPanel();
	} else {
		openAccountPanel();
	}
	return false;
});
function openAccountPanel() {
	isOpenAccountPanel = true;
	if (!isLoadedAccountPanel) {
		setAccountWait();
		cj.ajax.addonCallback('toolPanelAccountForm','',function(content,ignore){
			clearAccountWait();
			jQuery('#tpAccountPanel').html( content );
			openAccountPanelReady();
			isLoadedAccountPanel = true;
		});
	} else {
		openAccountPanelReady();
	}
}
function openAccountPanelReady() {
	closeLoginPanel();
	$("#tpAccountTab").addClass("tpOpen");
	$("#tpAccountPanel").slideDown("slow");
}
function setAccountWait() {
	jQuery('#tpAccountWait').css('visibility','visible');
}
function clearAccountWait() {
	jQuery('#tpAccountWait').css('visibility','hidden');
}
function closeAccountPanel () {
	$("#tpAccountPanel").slideUp("slow");
	$("#tpAccountTab").removeClass("tpOpen");
	isOpenAccountPanel=false;
}
function clickAccountTabLock() {
	if (isLockedAccountTab) {
		//alert('unlock account tab lock');
		jQuery('#tpAccountLock').html('<img src="/toolPanel/lockOpen.png" height="10" width="10">');
		cj.ajax.addon('setUserProperty','n=isLockedAccountTab&v=0');
		isLockedAccountTab=false;
	} else {
		//alert('lock account tab lock');
		jQuery('#tpAccountLock').html('<img src="/toolPanel/lockClosed.png" height="10" width="10">');
		cj.ajax.addon('setUserProperty','n=isLockedAccountTab&v=1');
		isLockedAccountTab=true;
	}
	
}
function mouseEnterAccountTab() {
	if (!isLockedAccountTab)
	{
		if(timerIdAccountTab!=0)
		{
			clearTimeout( timerIdAccountTab );
			timerIdAccountTab=0;
		}
		isWantedAccountTab=true;
	}
}
function mouseLeaveAccountTab() {
	if ((!isLockedAccountTab) & (!isOpenAccountPanel))
	{
		if(timerIdAccountTab!=0)
		{
			clearTimeout( timerIdAccountTab );
			timerIdAccountTab=0;
		}
		timerIdAccountTab = setTimeout("accountTabClose()",2000);
		isWantedAccountTab=false;
	}
}
function accountTabClose() {
	if(!isWantedAccountTab)
	{
		$("#tpAccountTab").slideUp("slow");
		//alert('accountTabClose');
	} else {
		isWantedAccountTab = isWantedAccountTab;
	}
}
//
// --------------------------------
// login tab
// --------------------------------
//
//var isLoginLoaded=false;
//var isLoginOpen=false;
//
//jQuery('#tpLoginLock').click( function (){ loginTabLockClick() });
//jQuery('#tpLoginTab').mouseenter( function(){ loginTabMouseEnter() });
//jQuery('#tpLoginTab').mouseleave( function(){ loginTabMouseLeave() });
//jQuery( loginTabMouseLeave() );
//
//function openLogin() {
//	closeAccountPanel();
//	$("#tpLoginTab").addClass("tpOpen");
//	$("#tpLoginPanel").slideDown("slow");
//	isLoginOpen= true;
//}
//function closeLogin () {
//	$("#tpLoginPanel").slideUp("slow");
//	$("#tpLoginTab").removeClass("tpOpen");
//	isLoginOpen=false;
//}
var isLoadedLoginPanel=false;
var isOpenLoginPanel=false;
var isWantedLoginTab=false;
var timerIdLoginTab=0;
// 
jQuery('#tpLoginLock').click( function (){ clickLoginTabLock() });
jQuery('#tpLoginTab').mouseenter( function(){ mouseEnterLoginTab() });
jQuery('#tpLoginTab').mouseleave( function(){ mouseLeaveLoginTab() });
jQuery( mouseLeaveLoginTab() );
$("#tpLoginButton").click(function () {
	if(isOpenLoginPanel) {
		closeLoginPanel();
	} else {
		openLoginPanel();
	}
	return false;
});
function openLoginPanel() {
	isOpenLoginPanel = true;
	if (!isLoadedLoginPanel) {
		setLoginWait();
		cj.ajax.addonCallback('toolPanelLoginForm','',function(content,ignore){
			clearLoginWait();
			jQuery('#tpLoginPanel').html( content );
			openLoginPanelReady();
			isLoadedLoginPanel = true;
		});
	} else {
		openLoginPanelReady();
	}
}
function openLoginPanelReady() {
	closeAccountPanel();
	$("#tpLoginTab").addClass("tpOpen");
	$("#tpLoginPanel").slideDown("slow");
}
function setLoginWait() {
	jQuery('#tpLoginWait').css('visibility','visible');
}
function clearLoginWait() {
	jQuery('#tpLoginWait').css('visibility','hidden');
}
function closeLoginPanel () {
	$("#tpLoginPanel").slideUp("slow");
	$("#tpLoginTab").removeClass("tpOpen");
	isOpenLoginPanel=false;
}
function clickLoginTabLock() {
	if (isLockedLoginTab) {
		//alert('unlock Login tab lock');
		jQuery('#tpLoginLock').html('<img src="/toolPanel/lockOpen.png" height="10" width="10">');
		cj.ajax.addon('setUserProperty','n=isLockedLoginTab&v=0');
		isLockedLoginTab=false;
	} else {
		//alert('lock Login tab lock');
		jQuery('#tpLoginLock').html('<img src="/toolPanel/lockClosed.png" height="10" width="10">');
		cj.ajax.addon('setUserProperty','n=isLockedLoginTab&v=1');
		isLockedLoginTab=true;
	}
	
}
function mouseEnterLoginTab() {
	if (!isLockedLoginTab)
	{
		if(timerIdLoginTab!=0)
		{
			clearTimeout( timerIdLoginTab );
			timerIdLoginTab=0;
		}
		isWantedLoginTab=true;
	}
}
function mouseLeaveLoginTab() {
	if ((!isLockedLoginTab) & (!isOpenLoginPanel))
	{
		if(timerIdLoginTab!=0)
		{
			clearTimeout( timerIdLoginTab );
			timerIdLoginTab=0;
		}
		timerIdLoginTab = setTimeout("LoginTabClose()",2000);
		isWantedLoginTab=false;
	}
}
function LoginTabClose() {
	if(!isWantedLoginTab)
	{
		$("#tpLoginTab").slideUp("slow");
		//alert('LoginTabClose');
	} else {
		isWantedLoginTab = isWantedLoginTab;
	}
}

function validateAccountForm() {
		var errFlag;
		var errMsg;
		//
		var firstName = $('#panelAccountFirstName').val();
		var lastName = $('#panelAccountLastName').val();
		var email = $('#panelAccountEmail').val();
		//
		if (firstName==null || firstName=='')
		{
			$('#panelAccountFirstName').css('background-color', '#dddddd');
			errFlag = 1;
		}
		else
		{
			$('#panelAccountFirstName').css('background-color', '#ffffff');
		};
		if (lastName==null || lastName=='')
		{
			$('#panelAccountLastName').css('background-color', '#dddddd');
			errFlag = 1;
		}
		else
		{
			$('#panelAccountLastName').css('background-color', '#ffffff');
		};
		//
		if (email==null || email=='')
		{
			$('#panelAccountEmail').css('background-color', '#dddddd');
			errFlag = 1;
		}
		else
		{
			$('#panelAccountEmail').css('background-color', '#ffffff');
		};
		//
		if (errFlag==1) {
			if (errMsg=='' || errMsg==null || errMsg=='undefined')
			{
				errMsg = 'Please complete all required fields in order to continue.';
			}
			alert(errMsg);
			return false;
		}
		else
		{
			return true;
		};
};

function validateLoginForm() {
		var errFlag;
		var errMsg;
		//
		var username = $('#panelLoginUsername').val();
		var password = $('#panelLoginPassword').val();
		var email = $('#panelLoginEmail').val();
		//
		// fields present
		//
		var usernamePresent = $('#reqUsername').val();
		var passwordPresent = $('#reqPassword').val();
		var emailPresent = $('#reqEmail').val();
                //
		if (usernamePresent==1 && (username==null || username==''))
		{
			$('#panelLoginUsername').css('background-color', '#dddddd');
			errFlag = 1;
		}
		else
		{
			$('#panelLoginUsername').css('background-color', '#ffffff');
		};
		if (passwordPresent==1 && (password==null || password==''))
		{
			$('#panelLoginPassword').css('background-color', '#dddddd');
			errFlag = 1;
		}
		else
		{
			$('#panelLoginPassword').css('background-color', '#ffffff');
		};
		//
		if (emailPresent==1 && (email==null || email==''))
		{
			$('#panelLoginEmail').css('background-color', '#dddddd');
			errFlag = 1;
		}
		else
		{
			$('#panelLoginEmail').css('background-color', '#ffffff');
		};
		//
		if (errFlag==1) {
			if (errMsg=='' || errMsg==null || errMsg=='undefined')
			{
				errMsg = 'Please complete all fields in order to login.';
			}
			alert(errMsg);
			return false;
		}
		else
		{
			return true;
		};
};

function validateEmailForm() {
		var errFlag;
		var errMsg;
		//
		var email = $('#panelEmailEmail').val();
		//
		if (email==null || email=='')
		{
			$('#panelEmailEmail').css('background-color', '#dddddd');
			errFlag = 1;
		}
		else
		{
			$('#panelEmailEmail').css('background-color', '#ffffff');
		};
		//
		if (errFlag==1) {
			if (errMsg=='' || errMsg==null || errMsg=='undefined')
			{
				errMsg = 'Please enter your email address in order to retrieve your login information.';
			}
			alert(errMsg);
			return false;
		}
		else
		{
			return true;
		};
};

function setSpinner(divID, message, containerHeight){
  var divContent;
  //
  divContent = '<div class="spinner"><img src="/images/transpin.gif" /><p>' + message + '</p></div>';
  //
  $('#'+divID).html(divContent);
  $('.spinner').height(containerHeight);
}

function getParameterByName( name )
{
  name = name.replace(/[\[]/,"\\\[").replace(/[\]]/,"\\\]");
  var regexS = "[\\?&]"+name+"=([^&#]*)";
  var regex = new RegExp( regexS );
  var results = regex.exec( window.location.href );
  if( results == null )
    return "";
  else
    return decodeURIComponent(results[1].replace(/\+/g, " "));
}

function redirectHome(returnVal, container){
        var testString = returnVal;
        //
        testString = testString.replace(/(\r\n|\n|\r)/gm,' ').replace(/(\s)/g, '');
        //
 	if (testString=='')
        {
		window.location = document.head.baseURI;
	}
	else{
		$('#'+container).html(returnVal);
	}
} 

function validateRegistrationForm() {
		var errFlag;
		var errMsg;
		//
		var usernamePresent = $('#reqUsername').val();
		var passwordPresent = $('#reqPassword').val();
		//
		var firstName = $('#panelRegistrationFirstName').val();
		var lastName = $('#panelRegistrationLastName').val();
		var email = $('#panelRegistrationEmail').val();
		var username = $('#panelRegistrationUsername').val();
		var password = $('#panelRegistrationPassword').val();
		//
		if (firstName==null || firstName=='')
		{
			$('#panelRegistrationFirstName').css('background-color', '#dddddd');
			errFlag = 1;
		}
		else
		{
			$('#panelRegistrationFirstName').css('background-color', '#ffffff');
		};
		if (lastName==null || lastName=='')
		{
			$('#panelRegistrationLastName').css('background-color', '#dddddd');
			errFlag = 1;
		}
		else
		{
			$('#panelRegistrationLastName').css('background-color', '#ffffff');
		};
		//
		if (email==null || email=='')
		{
			$('#panelRegistrationEmail').css('background-color', '#dddddd');
			errFlag = 1;
		}
		else
		{
			$('#panelRegistrationEmail').css('background-color', '#ffffff');
		};
		//
		if (email==null || email=='')
		{
			$('#panelRegistrationEmail').css('background-color', '#dddddd');
			errFlag = 1;
		}
		else
		{
			$('#panelRegistrationEmail').css('background-color', '#ffffff');
		};
		//
		if (usernamePresent==1 && (username==null || username==''))
		{
			$('#panelRegistrationUsername').css('background-color', '#dddddd');
			errFlag = 1;
		}
		else
		{
			$('#panelRegistrationUsername').css('background-color', '#ffffff');
		};
		if (passwordPresent==1 && (password==null || password==''))
		{
			$('#panelRegistrationPassword').css('background-color', '#dddddd');
			errFlag = 1;
		}
		else
		{
			$('#panelRegistrationPassword').css('background-color', '#ffffff');
		};
		//
		if (errFlag==1) {
			if (errMsg=='' || errMsg==null || errMsg=='undefined')
			{
				errMsg = 'Please complete all required fields in order to continue.';
			}
			alert(errMsg);
			return false;
		}
		else
		{
			return true;
		};
};








]]></JavascriptBodyEnd>
		<MetaDescription></MetaDescription>
		<OtherHeadTags></OtherHeadTags>
		<Content>No</Content>
		<Template>No</Template>
		<Admin>No</Admin>
		<OnPageEndEvent>No</OnPageEndEvent>
		<OnPageStartEvent>No</OnPageStartEvent>
		<OnBodyStart>No</OnBodyStart>
		<OnBodyEnd>Yes</OnBodyEnd>
		<RemoteMethod>No</RemoteMethod>
		<ProcessRunOnce>No</ProcessRunOnce>
		<ProcessInterval>0</ProcessInterval>
		<PageTitle></PageTitle>
		<RemoteAssetLink></RemoteAssetLink>
		<Styles><![CDATA[/*
* --------------------------------------------
* toolPanel
* --------------------------------------------
*/
#toolPanel {
    background-color: transparent;
}
#toolPanel
,#toolPanel p 
,#toolPanel div
,#toolPanel li
{
    font-family: verdana,arial,sans-serif;
    font-size: 12px;
    line-height: 14px;
}

/*
* --------------------------------------------
* Pulldown Tab Zone
* --------------------------------------------
*/

#toolPanel #tpTabZone {
	position: absolute;
	height: 5px;
	width: 100%;
}
/*
* --------------------------------------------
* Pulldown Panels
* --------------------------------------------
*/

#toolPanel .tpPanels {
}
#toolPanel .tpPanels .tpPanelCon {
	background-color: #eee;
	border-bottom: 2px solid #bbb;
	margin: 0;
	padding:0;
	display:none;
}
#toolPanel .tpPanels .tpPanelCon .tpPanelInner {
	margin: 0;
	padding:10px;
}

/*
* --------------------------------------------
* Account Pulldown
* --------------------------------------------
*/

#toolPanel #tpAccountPanel {
	/* height: 200px; */
}

/*
* --------------------------------------------
* Login Pulldown
* --------------------------------------------
*/

#toolPanel #tpLoginPanel {
	/* height: 200px; */
}

/*
* --------------------------------------------
* hanging tabs
* --------------------------------------------
*/
#toolPanel .tpTabs {
    background-color: transparent;
    right: 0;
}

#toolPanel .tpTabs > ul {
	background-color: #ddd;
	border-radius: 0 0 10px 10px;
	box-shadow: 1px 1px 3px #666666;
	float: right;
	list-style-type: none;
	margin: 0 5px 0 0;
	padding: 0 20px;
	border-top: 0;
}

#toolPanel .tpTabs > ul.tpOpen {
	background-color: #eee;
}

#toolPanel .tpTabs > ul li.tpButton {
	float: left;
}

#toolPanel li.tpButton a {
	color: #444;
}

#toolPanel  ul.tpOpen li.tpButton a {
	color: #222;
}

#toolPanel .tpTabs > ul li.tpLock {
    float: left;
    height: 10px;
    margin: 4px 0;
    padding: 4px 0;
    cursor: pointer;
}

#toolPanel .tpTabs > ul li.tpLock {
    float: left;
    height: 10px;
    margin: 4px 0;
    padding: 4px 0;
    cursor: pointer;
}

/*
* --------------------------------------------
* fixed tabs
* --------------------------------------------
*/
#toolPanel .tpFixedTabs {
    background-color: transparent;
    left: 50%;
    margin: 0 0 0 -250px;
    position: fixed;
    width: 500px;
}

#toolPanel .tpFixedTabs > ul {
	background-color: #ddd;
	border-radius: 0 0 10px 10px;
	box-shadow: 1px 1px 3px #666666;
	display: table;
	list-style-type: none;
	margin: 0 auto;
	padding: 0 20px;
	border-top: 0;
}
#toolPanel .tpFixedTabs > ul.tpOpen {
	background-color: #eee;
}

#toolPanel .tpFixedTabs > ul li.tpButton {
	float: left;
}

#toolPanel .tpFixedTabs > ul li.tpEditLock {
    float: left;
    height: 10px;
    margin: 7px 0;
    padding: 11px 0;
    cursor: pointer;
}

/*
* --------------------------------------------
* Editor Tab
* --------------------------------------------
*/

#toolPanel ul#tpEditTab li.tpEditButton {
	float: left;
}

#toolPanel ul#tpEditTab li.tpEditButton a {
	display: block;
	margin: 7px 3px;
	padding: 8px;
	border: 1px solid #ddd;
	border-radius: 3px 3px 3px 3px;
	text-decoration: none;
	font-weight: bold;
	background-color: #888;
	color: white;
}
#toolPanel ul#tpEditTab li.tpEditButton a.tpButtonDown {
	border: 1px solid #ddd;
	background-color: #eee;
	color: #222;
	box-shadow: 1px 1px 3px #888 inset;
}
#toolPanel ul#tpEditTab li.tpEditButton a.tpButtonDown:hover {
	border: 1px solid #444;
}
/*
#toolPanel ul#tpEditTab li.tpEditButton a.tpButtonUp {
	border: 1px solid #ddd;
	background-color: #888;
	color: white;
}
*/
#toolPanel ul#tpEditTab li.tpEditButton a.tpButtonUp:hover {
	border: 1px solid #444;
}
/*
* --------------------------------------------
* Account Tab
* --------------------------------------------
*/

#toolPanel ul#tpAccountTab li.tpButton a {
    border-radius: 3px 3px 3px 3px;
    display: block;
    margin: 4px;
    padding: 2px;
    text-decoration: none;
	font-weight: bold;
}
#toolPanel #tpAccountWait {
	visibility: hidden;
}

/*
* --------------------------------------------
* Login Tab
* --------------------------------------------
*/

#toolPanel ul#tpLoginTab li.tpButton a {
    border-radius: 3px 3px 3px 3px;
    display: block;
    margin: 4px;
    padding: 2px;
    text-decoration: none;
	font-weight: bold;
}
#toolPanel #tpLoginWait {
	visibility: hidden;
}

/*
* --------------------------------------------
* Footer
* --------------------------------------------
*/
#toolPanelFooter
,#toolPanelFooter p 
,#toolPanelFooter div
,#toolPanelFooter li
{
    font-family: verdana,arial,sans-serif;
    font-size: 11px;
    line-height: 11px;
}

#toolPanelFooter {
	background-color: #e0e0e0;
	border-top: 1px solid #f8f8f8;
	border-bottom: 1px solid #aaa;
}
#toolPanelFooter .tpInner {
	padding: 5px;
	border-top: 1px solid #aaa;
	border-bottom: 1px solid #f8f8f8;
}

#toolPanelFooter .tpInner span {
	padding: 0 10px 0 10px;
}

/*
* --------------------------------------------
* general form
* --------------------------------------------
*/

.filedRequired { margin: 0 0 0 5px; font-weight: bold; color: #903020; }

#panelFormContainer { margin: 0 auto; padding: 5px; width: 400px; }
#panelFormContainer li  { padding: 5px; text-align: center; }
#panelFormContainer li.buttonRow { text-align: right; padding: 5px 15px 5px 5px;}
#panelFormContainer li label { text-align: left; display: inline-block; width: 100px; }
#panelFormContainer li input[type=text]  { width: 250px; border: 1px solid #888888; padding: 5px; }
#panelFormContainer li input[type=password]  { width: 250px; border: 1px solid #888888; padding: 5px; }

#panelFormContainer h3 { margin: 3px 0 5px 0; }

.panelInstructionContainer { padding: 10px 0 10px 0; }
.panelLowerInstructionContainer { padding: 10px 0 10px 0; }

#panelFormContainer li input[type='checkbox']  { width: 100px; }

#panelFormContainer li label.callout { text-align: right; padding: 0 10px 0 0; }

/*
* --------------------------------------------
* Account Form
* --------------------------------------------
*/

.panelAccountFormList { list-style: none outside none; margin: 0; padding: 0; }

/*
* --------------------------------------------
* Login Form
* --------------------------------------------
*/

.panelLoginFormList { list-style: none outside none; margin: 0; padding: 0; }

/*
* --------------------------------------------
* email send Form
* --------------------------------------------
*/

.panelEmailFormList { list-style: none outside none; margin: 0; padding: 0; }

/*
* --------------------------------------------
* Registration
* --------------------------------------------
*/

.panelRegistrationFormList { list-style: none outside none; margin: 0; padding: 0; }

/*
* --------------------------------------------
* buttons
* --------------------------------------------
*/

a.panelButton, a.panelButton:visited {
    background-color: #888888;
    border: 1px solid #DDDDDD;
    border-radius: 3px 3px 3px 3px;
    color: white;
    display: block;
    font-weight: bold;
    margin: 7px 3px;
    padding: 8px;
    text-decoration: none;
	display: inline-block;
}

/*
* --------------------------------------------
* spinner
* --------------------------------------------
*/

div.spinner {margin: auto 0; padding: 10px 0 0 0; text-align:center;}
div.spinner p{text-align:center;}
div.spinner img{text-align:center;}
div.spinner p img{text-align:center;}








]]></Styles>
		<Scripting Language="" EntryPoint="" Timeout="5000"/>
	</Addon>
	<Addon name="Tool Panel Settings" guid="{14FE7079-021C-4D21-8382-376C9C3E68BC}" type="Setting">
		<Copy></Copy>
		<CopyText></CopyText>
		<ActiveXProgramID></ActiveXProgramID>
		<DotNetClass></DotNetClass>
		<ArgumentList></ArgumentList>
		<AsAjax>No</AsAjax>
		<Filter>No</Filter>
		<Help></Help>
		<HelpLink></HelpLink>
		<Icon Link="" width="0" height="0" sprites="0" />
		<InIframe>No</InIframe>
		<BlockEditTools>No</BlockEditTools>
		<FormXML><![CDATA[<Form>
		<Description>Settings that change features/characteristics of the Tool Panel.</Description>
		<Help></Help>
		<HelpLink>http://www.contensive.com</HelpLink>
		<Tab name="Tool Panel Tabs" heading="Login/Account" description="Settings and Features">
			<SiteProperty caption="Show the Login Tab" name="toolPanelShowLoginTab" ReadOnly="0" Type="Boolean" Description="When checked, displays the Login tab at the top of every page.">False</SiteProperty>
			<SiteProperty caption="Pin New User Login Tab" name="toolPanelPinLoginTab" ReadOnly="0" Type="Boolean" Description="When checked, the state of the Login tab for new users will not auto-hide when not in use and stay locked in the open position.">True</SiteProperty>
			<SiteProperty caption="Show the Account Tab" name="toolPanelShowAccountTab" ReadOnly="0" Type="Boolean" Description="When checked, displays the Account tab at the top of every page.">False</SiteProperty>
			<SiteProperty caption="Pin New User Account Tab" name="toolPanelPinAccountTab" ReadOnly="0" Type="Boolean" Description="When checked, the state of the Account tab will not auto-hide when not in use and stay locked in the open position.">True</SiteProperty>
		</Tab>
</Form>]]></FormXML>
		<IsInline>No</IsInline>
		<JavascriptOnLoad></JavascriptOnLoad>
		<JavascriptInHead></JavascriptInHead>
		<JavascriptBodyEnd></JavascriptBodyEnd>
		<MetaDescription></MetaDescription>
		<OtherHeadTags></OtherHeadTags>
		<Content>No</Content>
		<Template>No</Template>
		<Admin>Yes</Admin>
		<OnPageEndEvent>No</OnPageEndEvent>
		<OnPageStartEvent>No</OnPageStartEvent>
		<OnBodyStart>No</OnBodyStart>
		<OnBodyEnd>No</OnBodyEnd>
		<RemoteMethod>No</RemoteMethod>
		<ProcessRunOnce>No</ProcessRunOnce>
		<ProcessInterval>0</ProcessInterval>
		<PageTitle></PageTitle>
		<RemoteAssetLink></RemoteAssetLink>
		<Styles></Styles>
		<Scripting Language="" EntryPoint="" Timeout="5000"/>
	</Addon>
	<Addon name="toolPanelAccountForm" guid="{294B5C1C-B172-43F2-B787-DEFF86B16FE2}" type="Add-on">
		<Copy></Copy>
		<CopyText></CopyText>
		<ActiveXProgramID></ActiveXProgramID>
		<DotNetClass><![CDATA[Contensive.Addons.aoToolPanel.panelAccountFormClass]]></DotNetClass>
		<ArgumentList></ArgumentList>
		<AsAjax>No</AsAjax>
		<Filter>No</Filter>
		<Help></Help>
		<HelpLink></HelpLink>
		<Icon Link="" width="0" height="0" sprites="0" />
		<InIframe>No</InIframe>
		<BlockEditTools>No</BlockEditTools>
		<FormXML></FormXML>
		<IsInline>No</IsInline>
		<JavascriptOnLoad></JavascriptOnLoad>
		<JavascriptInHead></JavascriptInHead>
		<JavascriptBodyEnd></JavascriptBodyEnd>
		<MetaDescription></MetaDescription>
		<OtherHeadTags></OtherHeadTags>
		<Content>No</Content>
		<Template>No</Template>
		<Admin>No</Admin>
		<OnPageEndEvent>No</OnPageEndEvent>
		<OnPageStartEvent>No</OnPageStartEvent>
		<OnBodyStart>No</OnBodyStart>
		<OnBodyEnd>No</OnBodyEnd>
		<RemoteMethod>Yes</RemoteMethod>
		<ProcessRunOnce>No</ProcessRunOnce>
		<ProcessInterval>0</ProcessInterval>
		<PageTitle></PageTitle>
		<RemoteAssetLink></RemoteAssetLink>
		<Styles></Styles>
		<Scripting Language="" EntryPoint="" Timeout="5000"/>
	</Addon>
	<Addon name="toolPanelAccountFormHandler" guid="{9C09E13E-943B-416F-A7F7-5517160437F4}" type="Add-on">
		<Copy></Copy>
		<CopyText></CopyText>
		<ActiveXProgramID></ActiveXProgramID>
		<DotNetClass><![CDATA[Contensive.Addons.aoToolPanel.defaultAccountFormHandlerClass]]></DotNetClass>
		<ArgumentList></ArgumentList>
		<AsAjax>No</AsAjax>
		<Filter>No</Filter>
		<Help></Help>
		<HelpLink></HelpLink>
		<Icon Link="" width="0" height="0" sprites="0" />
		<InIframe>No</InIframe>
		<BlockEditTools>No</BlockEditTools>
		<FormXML></FormXML>
		<IsInline>No</IsInline>
		<JavascriptOnLoad></JavascriptOnLoad>
		<JavascriptInHead></JavascriptInHead>
		<JavascriptBodyEnd></JavascriptBodyEnd>
		<MetaDescription></MetaDescription>
		<OtherHeadTags></OtherHeadTags>
		<Content>No</Content>
		<Template>No</Template>
		<Admin>No</Admin>
		<OnPageEndEvent>No</OnPageEndEvent>
		<OnPageStartEvent>No</OnPageStartEvent>
		<OnBodyStart>No</OnBodyStart>
		<OnBodyEnd>No</OnBodyEnd>
		<RemoteMethod>Yes</RemoteMethod>
		<ProcessRunOnce>No</ProcessRunOnce>
		<ProcessInterval>0</ProcessInterval>
		<PageTitle></PageTitle>
		<RemoteAssetLink></RemoteAssetLink>
		<Styles></Styles>
		<Scripting Language="" EntryPoint="" Timeout="5000"/>
	</Addon>
	<Addon name="toolPanelDefaultAccountForm" guid="{7A057715-5CDD-4D9F-A12A-5CCB61F93974}" type="Add-on">
		<Copy></Copy>
		<CopyText></CopyText>
		<ActiveXProgramID></ActiveXProgramID>
		<DotNetClass><![CDATA[Contensive.Addons.aoToolPanel.defaultAccountFormClass]]></DotNetClass>
		<ArgumentList></ArgumentList>
		<AsAjax>No</AsAjax>
		<Filter>No</Filter>
		<Help></Help>
		<HelpLink></HelpLink>
		<Icon Link="" width="0" height="0" sprites="0" />
		<InIframe>No</InIframe>
		<BlockEditTools>No</BlockEditTools>
		<FormXML></FormXML>
		<IsInline>No</IsInline>
		<JavascriptOnLoad></JavascriptOnLoad>
		<JavascriptInHead></JavascriptInHead>
		<JavascriptBodyEnd></JavascriptBodyEnd>
		<MetaDescription></MetaDescription>
		<OtherHeadTags></OtherHeadTags>
		<Content>No</Content>
		<Template>No</Template>
		<Admin>No</Admin>
		<OnPageEndEvent>No</OnPageEndEvent>
		<OnPageStartEvent>No</OnPageStartEvent>
		<OnBodyStart>No</OnBodyStart>
		<OnBodyEnd>No</OnBodyEnd>
		<RemoteMethod>Yes</RemoteMethod>
		<ProcessRunOnce>No</ProcessRunOnce>
		<ProcessInterval>0</ProcessInterval>
		<PageTitle></PageTitle>
		<RemoteAssetLink></RemoteAssetLink>
		<Styles></Styles>
		<Scripting Language="" EntryPoint="" Timeout="5000"/>
	</Addon>
	<Addon name="toolPanelDefaultLoginForm" guid="{37B7EDB3-7BE0-4E89-8012-16F0CDEED218}" type="Add-on">
		<Copy></Copy>
		<CopyText></CopyText>
		<ActiveXProgramID></ActiveXProgramID>
		<DotNetClass><![CDATA[Contensive.Addons.aoToolPanel.defaultLoginFormClass]]></DotNetClass>
		<ArgumentList></ArgumentList>
		<AsAjax>No</AsAjax>
		<Filter>No</Filter>
		<Help></Help>
		<HelpLink></HelpLink>
		<Icon Link="" width="0" height="0" sprites="0" />
		<InIframe>No</InIframe>
		<BlockEditTools>No</BlockEditTools>
		<FormXML></FormXML>
		<IsInline>No</IsInline>
		<JavascriptOnLoad></JavascriptOnLoad>
		<JavascriptInHead></JavascriptInHead>
		<JavascriptBodyEnd></JavascriptBodyEnd>
		<MetaDescription></MetaDescription>
		<OtherHeadTags></OtherHeadTags>
		<Content>No</Content>
		<Template>No</Template>
		<Admin>No</Admin>
		<OnPageEndEvent>No</OnPageEndEvent>
		<OnPageStartEvent>No</OnPageStartEvent>
		<OnBodyStart>No</OnBodyStart>
		<OnBodyEnd>No</OnBodyEnd>
		<RemoteMethod>Yes</RemoteMethod>
		<ProcessRunOnce>No</ProcessRunOnce>
		<ProcessInterval>0</ProcessInterval>
		<PageTitle></PageTitle>
		<RemoteAssetLink></RemoteAssetLink>
		<Styles></Styles>
		<Scripting Language="" EntryPoint="" Timeout="5000"/>
	</Addon>
	<Addon name="toolPanelDefaultRegistrationForm" guid="{E31F7A5B-FE69-4CF5-BD16-7F368192D956}" type="Add-on">
		<Copy></Copy>
		<CopyText></CopyText>
		<ActiveXProgramID></ActiveXProgramID>
		<DotNetClass><![CDATA[Contensive.Addons.aoToolPanel.defaultRegistrationFormClass]]></DotNetClass>
		<ArgumentList></ArgumentList>
		<AsAjax>No</AsAjax>
		<Filter>No</Filter>
		<Help></Help>
		<HelpLink></HelpLink>
		<Icon Link="" width="0" height="0" sprites="0" />
		<InIframe>No</InIframe>
		<BlockEditTools>No</BlockEditTools>
		<FormXML></FormXML>
		<IsInline>No</IsInline>
		<JavascriptOnLoad></JavascriptOnLoad>
		<JavascriptInHead></JavascriptInHead>
		<JavascriptBodyEnd></JavascriptBodyEnd>
		<MetaDescription></MetaDescription>
		<OtherHeadTags></OtherHeadTags>
		<Content>No</Content>
		<Template>No</Template>
		<Admin>No</Admin>
		<OnPageEndEvent>No</OnPageEndEvent>
		<OnPageStartEvent>No</OnPageStartEvent>
		<OnBodyStart>No</OnBodyStart>
		<OnBodyEnd>No</OnBodyEnd>
		<RemoteMethod>Yes</RemoteMethod>
		<ProcessRunOnce>No</ProcessRunOnce>
		<ProcessInterval>0</ProcessInterval>
		<PageTitle></PageTitle>
		<RemoteAssetLink></RemoteAssetLink>
		<Styles></Styles>
		<Scripting Language="" EntryPoint="" Timeout="5000"/>
	</Addon>
	<Addon name="toolPanelLoginForm" guid="{72C78E15-BF5F-47A1-AE0A-879AEFF0C08A}" type="Add-on">
		<Copy></Copy>
		<CopyText></CopyText>
		<ActiveXProgramID></ActiveXProgramID>
		<DotNetClass><![CDATA[Contensive.Addons.aoToolPanel.panelLoginFormClass]]></DotNetClass>
		<ArgumentList></ArgumentList>
		<AsAjax>No</AsAjax>
		<Filter>No</Filter>
		<Help></Help>
		<HelpLink></HelpLink>
		<Icon Link="" width="0" height="0" sprites="0" />
		<InIframe>No</InIframe>
		<BlockEditTools>No</BlockEditTools>
		<FormXML></FormXML>
		<IsInline>No</IsInline>
		<JavascriptOnLoad></JavascriptOnLoad>
		<JavascriptInHead></JavascriptInHead>
		<JavascriptBodyEnd></JavascriptBodyEnd>
		<MetaDescription></MetaDescription>
		<OtherHeadTags></OtherHeadTags>
		<Content>No</Content>
		<Template>No</Template>
		<Admin>No</Admin>
		<OnPageEndEvent>No</OnPageEndEvent>
		<OnPageStartEvent>No</OnPageStartEvent>
		<OnBodyStart>No</OnBodyStart>
		<OnBodyEnd>No</OnBodyEnd>
		<RemoteMethod>Yes</RemoteMethod>
		<ProcessRunOnce>No</ProcessRunOnce>
		<ProcessInterval>0</ProcessInterval>
		<PageTitle></PageTitle>
		<RemoteAssetLink></RemoteAssetLink>
		<Styles></Styles>
		<Scripting Language="" EntryPoint="" Timeout="5000"/>
	</Addon>
	<Addon name="toolPanelLoginFormHandler" guid="{AD772459-D19B-4C8B-95CE-7E291FDF621C}" type="Add-on">
		<Copy></Copy>
		<CopyText></CopyText>
		<ActiveXProgramID></ActiveXProgramID>
		<DotNetClass><![CDATA[Contensive.Addons.aoToolPanel.defaultLoginFormHandlerClass]]></DotNetClass>
		<ArgumentList></ArgumentList>
		<AsAjax>No</AsAjax>
		<Filter>No</Filter>
		<Help></Help>
		<HelpLink></HelpLink>
		<Icon Link="" width="0" height="0" sprites="0" />
		<InIframe>No</InIframe>
		<BlockEditTools>No</BlockEditTools>
		<FormXML></FormXML>
		<IsInline>No</IsInline>
		<JavascriptOnLoad></JavascriptOnLoad>
		<JavascriptInHead></JavascriptInHead>
		<JavascriptBodyEnd></JavascriptBodyEnd>
		<MetaDescription></MetaDescription>
		<OtherHeadTags></OtherHeadTags>
		<Content>No</Content>
		<Template>No</Template>
		<Admin>No</Admin>
		<OnPageEndEvent>No</OnPageEndEvent>
		<OnPageStartEvent>No</OnPageStartEvent>
		<OnBodyStart>No</OnBodyStart>
		<OnBodyEnd>No</OnBodyEnd>
		<RemoteMethod>Yes</RemoteMethod>
		<ProcessRunOnce>No</ProcessRunOnce>
		<ProcessInterval>0</ProcessInterval>
		<PageTitle></PageTitle>
		<RemoteAssetLink></RemoteAssetLink>
		<Styles></Styles>
		<Scripting Language="" EntryPoint="" Timeout=""/>
	</Addon>
	<Addon name="toolPanelLogoutHandler" guid="{16FE5AA9-2CAE-4AF3-8AE7-D0A3D5EC39FE}" type="Add-on">
		<Copy></Copy>
		<CopyText></CopyText>
		<ActiveXProgramID></ActiveXProgramID>
		<DotNetClass></DotNetClass>
		<ArgumentList></ArgumentList>
		<AsAjax>No</AsAjax>
		<Filter>No</Filter>
		<Help></Help>
		<HelpLink></HelpLink>
		<Icon Link="" width="0" height="0" sprites="0" />
		<InIframe>No</InIframe>
		<BlockEditTools>No</BlockEditTools>
		<FormXML></FormXML>
		<IsInline>No</IsInline>
		<JavascriptOnLoad></JavascriptOnLoad>
		<JavascriptInHead></JavascriptInHead>
		<JavascriptBodyEnd></JavascriptBodyEnd>
		<MetaDescription></MetaDescription>
		<OtherHeadTags></OtherHeadTags>
		<Content>No</Content>
		<Template>No</Template>
		<Admin>No</Admin>
		<OnPageEndEvent>No</OnPageEndEvent>
		<OnPageStartEvent>No</OnPageStartEvent>
		<OnBodyStart>No</OnBodyStart>
		<OnBodyEnd>No</OnBodyEnd>
		<RemoteMethod>Yes</RemoteMethod>
		<ProcessRunOnce>No</ProcessRunOnce>
		<ProcessInterval>0</ProcessInterval>
		<PageTitle></PageTitle>
		<RemoteAssetLink></RemoteAssetLink>
		<Styles></Styles>
		<Scripting Language="VBScript" EntryPoint="getContent" Timeout="5000">
		<Code><![CDATA[function getContent()
	call cp.User.Logout()
end function]]></Code>
		</Scripting>
	</Addon>
	<Addon name="toolPanelRegistrationFormHandler" guid="{010B48C0-9854-4DD5-8291-1F366CC1F30F}" type="Add-on">
		<Copy></Copy>
		<CopyText></CopyText>
		<ActiveXProgramID></ActiveXProgramID>
		<DotNetClass><![CDATA[Contensive.Addons.aoToolPanel.defaultRegistrationFormHandlerClass]]></DotNetClass>
		<ArgumentList></ArgumentList>
		<AsAjax>No</AsAjax>
		<Filter>No</Filter>
		<Help></Help>
		<HelpLink></HelpLink>
		<Icon Link="" width="0" height="0" sprites="0" />
		<InIframe>No</InIframe>
		<BlockEditTools>No</BlockEditTools>
		<FormXML></FormXML>
		<IsInline>No</IsInline>
		<JavascriptOnLoad></JavascriptOnLoad>
		<JavascriptInHead></JavascriptInHead>
		<JavascriptBodyEnd></JavascriptBodyEnd>
		<MetaDescription></MetaDescription>
		<OtherHeadTags></OtherHeadTags>
		<Content>No</Content>
		<Template>No</Template>
		<Admin>No</Admin>
		<OnPageEndEvent>No</OnPageEndEvent>
		<OnPageStartEvent>No</OnPageStartEvent>
		<OnBodyStart>No</OnBodyStart>
		<OnBodyEnd>No</OnBodyEnd>
		<RemoteMethod>Yes</RemoteMethod>
		<ProcessRunOnce>No</ProcessRunOnce>
		<ProcessInterval>0</ProcessInterval>
		<PageTitle></PageTitle>
		<RemoteAssetLink></RemoteAssetLink>
		<Styles></Styles>
		<Scripting Language="" EntryPoint="" Timeout="5000"/>
	</Addon>
	<data>
		<record content="Layouts" guid="{9E3751C0-EDE1-42EE-96BD-25291465BF14}" name="Tool Panel - Top">
			<field name="ACTIVE">True</field>
			<field name="SORTORDER"></field>
			<field name="Layout"><![CDATA[<div class="tpPanels">
	<div id="tpAccountPanel" class="tpPanelCon">
		<div style="width:100%; height:200px;">&nbsp;
			<img src="/cclib/images/ajax-loader-big.gif" width="32" height="32" style="display:block;width:32px;height:32px;margin:auto;">
		</div>
	</div>
	<div id="tpLoginPanel" class="tpPanelCon">
		<div class="tpPanelInner">
			<p>This is the login panel</p>
		</div>
	</div>
</div>
<div id="tpTabZone">
</div>
<div class="tpTabs">
	<ul id="tpAccountTab">
		<li id="tpAccountWait" class="tpLock"><img src="/cclib/images/ajax-loader-small.gif" width="10" height="10"></li>
		<li id="tpAccount" class="tpButton"><a id="tpAccountButton" href="#">Account</a></li>
		<li id="tpAccountLock" class="tpLock"><img src="/toolPanel/lockOpen.png" width="10" height="10"></li>
	</ul>
	<ul id="tpLoginTab">
		<li id="tpLoginWait" class="tpLock"><img src="/cclib/images/ajax-loader-small.gif" width="10" height="10"></li>
		<li id="tpLogin" class="tpButton"><a id="tpLoginButton" href="#">Login/Register</a></li>
		<li id="tpLoginLock" class="tpLock"><img src="/toolPanel/lockOpen.png" width="10" height="10"></li>
	</ul>
</div>
<div class="tpFixedTabs">
	<ul id="tpEditTab">
		<li id="tpEditTabQuick" class="tpEditButton"><a href="#">Quick Edit</a></li>
		<li id="tpEditTabEdit" class="tpEditButton"><a href="#">Edit</a></li>
		<li id="tpEditTabAdv" class="tpEditButton"><a href="#">Advanced Edit</a></li>
		<li id="tpEditTabPreview" class="tpEditButton"><a href="#">Preview</a></li>
		<li id="tpEditTabDebug" class="tpEditButton"><a href="#">Debug</a></li>
		<li id="tpEditTabAdmin" class="tpEditButton"><a href="/admin">Admin</a></li>
		<li id="tpEditLock" class="tpEditLock"><img src="/toolPanel/lockOpen.png" width="10" height="10"></li>
	</ul>
</div>
]]></field>
			<field name="StylesFilename"></field>
		</record>
		<record content="Layouts" guid="{6DAFED78-A4F2-4DB9-A814-9D29AE0721F9}" name="Default Login Form">
			<field name="ACTIVE">True</field>
			<field name="SORTORDER"></field>
			<field name="Layout"><![CDATA[<form id="panelLoginForm">
  <h3>Login to your account</h3>
  <div class="panelInstructionContainer"></div>
  <ul class="panelLoginFormList">
    <li id="panelRowUsername"><label>Username<span class="filedRequired">*</span></label><input type="text" id="panelLoginUsername" name="panelLoginUsername"></li>
    <li id="panelRowEmail"><label>E-mail<span class="filedRequired">*</span></label><input type="text" id="panelLoginEmail" name="panelLoginEmail"></li>
    <li id="panelRowPassword"><label>Password<span class="filedRequired">*</span></label><input type="password" id="panelLoginPassword" name="panelLoginPassword"></li>
    <li id="panelRowAuto"><input type="checkbox" name="panelLoginAuto">Login automatically from this computer.</li>
    <li class="buttonRow"><label class="callout"><a href="#" id="registrationClick">Register</a> or</label><a class="panelButton" id="loginSubmit" href="#">Login</a></li>
    <li id="hiddenRow"></li>
  </ul>
  <div id="emailSendContainer">
  	<h3>Forget your password?</h3>
  	<div class="panelLowerInstructionContainer"></div>
  		<ul class="panelEmailFormList">
    			<li><label>E-mail<span class="filedRequired">*</span></label><input type="text" name="panelEmailEmail" id="panelEmailEmail"></li>
    			<li class="buttonRow"><a class="panelButton" id="emailSubmit" href="#">Send Password</a></li>
  		</ul>
  	</div>
</form>]]></field>
			<field name="StylesFilename"></field>
		</record>
		<record content="Layouts" guid="{4CD6DD5B-5423-4DC0-87AE-1337127E4289}" name="Default Account Form">
			<field name="ACTIVE">True</field>
			<field name="SORTORDER"></field>
			<field name="Layout"><![CDATA[<form id="panelAccountForm">
  <h3>My Account</h3>
  <div class="panelInstructionContainer"></div>
  <ul class="panelAccountFormList">
    <li><label>First Name<span class="filedRequired">*</span></label><input type="text" id="panelAccountFirstName" name="panelAccountFirstName"></li>
    <li><label>Last Name<span class="filedRequired">*</span></label><input type="text" id="panelAccountLastName" name="panelAccountLastName"></li>
    <li><label>E-mail<span class="filedRequired">*</span></label><input type="text" id="panelAccountEmail" name="panelAccountEmail"></li>
    <li id="panelRowUsername"><label>Username<span class="filedRequired">*</span></label><input type="text" id="panelAccountUsername" name="panelAccountUsername"></li>
	<li id="panelRowPassword"><label>Password<span class="filedRequired">*</span></label><input type="password" id="panelAccountPassword" name="panelAccountPassword"></li>
    <li class="buttonRow"><a href="#" id="logoutClick">Logout</a> or</label><a class="panelButton" id="accountSubmit" href="#">Update Account</a></li>
  <li id="hiddenRow"></li>
  </ul>
</form>]]></field>
			<field name="StylesFilename"></field>
		</record>
		<record content="Layouts" guid="{07586B80-734C-4029-9F6A-EFD5CDB13FD5}" name="Default Registration Form">
			<field name="ACTIVE">True</field>
			<field name="SORTORDER"></field>
			<field name="Layout"><![CDATA[<form id="panelRegistrationForm">
  <h3>My Account</h3>
  <div class="panelInstructionContainer"></div>
  <ul class="panelRegistrationFormList">
    <li><label>First Name<span class="filedRequired">*</span></label><input type="text" id="panelRegistrationFirstName" name="panelRegistrationFirstName"></li>
    <li><label>Last Name<span class="filedRequired">*</span></label><input type="text" id="panelRegistrationLastName" name="panelRegistrationLastName"></li>
    <li><label>E-mail<span class="filedRequired">*</span></label><input type="text" id="panelRegistrationEmail" name="panelRegistrationEmail"></li>
    <li id="panelRowUsername"><label>Username<span class="filedRequired">*</span></label><input type="text" id="panelRegistrationUsername" name="panelRegistrationUsername"></li>
    <li id="panelRowPassword"><label>Password<span class="filedRequired">*</span></label><input type="password" id="panelRegistrationPassword" name="panelRegistrationPassword"></li>
    <li class="buttonRow"><a class="panelButton" id="accountSubmit" href="#">Register Account</a></li>
  <li id="hiddenRow"></li>
  </ul>
</form>]]></field>
			<field name="StylesFilename"></field>
		</record>
	</data>
	<Resource name="lockclosed.png" type="www" path="toolpanel" />
	<Resource name="lockopen.png" type="www" path="toolpanel" />
	<Resource name="transpin.gif" type="www" path="images" />
	<Resource name="toolpanel.dll" type="executable" path="" />
</Collection>